customer_id;signup_date;country;age;gender;newsletter;lifetime_spend
C10160;17/05/2026;Germany;65; M;yes;6,15
C10299;08/02/2025;china;37;f;false;
C10266;08/02/2026;France;45; M;N;65,26
C10244;06/07/2026;United States;67;M;Yes;108,15
C10195;10/05/2025;Germany;52; F;No;107,53
C10216;08/01/2025;Brasil;19;F;Yes;118,40
C10014;01/04/2025;Brasil;68;F;false;135,66
C10180;20/07/2025;china;43;M; yes;18,70
C10074;08/04/2025;united states;16;F;N;39,88
C10047;19/03/2025;China;22;M;No;98,01
C10011;07/03/2026;Germany;56;F;no;137,57
C10196;28/09/2025;Germany;20;M;No;120,24
C10039;12/06/2025;Germany;62;F;no;
C10144;18/03/2025;france;230;F;No;84,10
C10205;30/06/2025;China;41;F;Y;334,02
C10252;25/07/2026;China;unknown;M;false;187,79
C10261;23/05/2026;United Kingdom;25;Female;false;123,91
C10211;04/04/2026;spain ;32;f;no;172,50
C10017;30/04/2026;china;27;M;no ;138,68
C10059;19/02/2026;USA;40;F;Y;115,44
C10048;24/07/2026;China;48;M;no;42,46
C10185;25/04/2026;Brasil;38; F;Yes;184,70
C10206;03/02/2025;china;47;F; yes;219,31
C10282;25/03/2026;China;61;F;No;
C10268;02/08/2025;China;39; F;TRUE;80,42
C10255;03/05/2025;China;25;Female;false;46,62
C10269;21/01/2025;China;34;M;N;144,80
C10258;09/05/2026;USA;35;Male;No;116,42
C10248;03/07/2026;United States;46;F;yes;68,37
C10102;31/01/2026;Spain;24;M;No;53,48
C10135;23/03/2025;china;18;M;Y;13,67
C10067;02/09/2025;Spain;43;M;yes;
C10103;09/09/2025;China;230;M;No;258,49
C10015;27/07/2026;China;34;M;N;88,21
C10080;23/05/2026; United States;54;Male;No;36,96
C10026;05/03/2025;spain ;;F;N;82,18
C10075;03/07/2026;China;42;F;No;
C10078;28/05/2026;United Kingdom;46;F;no;181,93
C10066;10/02/2026;United States;34; F;TRUE;155,63
C10221;17/07/2025;china;37;male;Yes;78,89
C10032;19/03/2026;China;34;F;false;303,15
C10214;08/09/2025;China;42;M;no;50,01
C10081;08/06/2025;China;unknown;female ;Y;103,46
C10200;25/08/2025;Brasil;57;F;yes;119,04
C10083;24/05/2026;Brasil;64;M;TRUE;236,53
C10198;29/01/2025;United States;41;F;N;108,33
C10068;08/08/2025;United States;68;M;no ;45,12
C10006;28/02/2026;UK;46;F;Yes;195,32
C10169;16/10/2025;china;64;F;false;53,65
C10137;10/08/2025;United States;70;m;Y;
C10062;31/05/2026;china;41;Female;Yes;148,05
C10260;15/08/2025;USA;26;M;false;106,55
C10147;02/01/2026; United States;18;Female;false;92,07
C10128;29/11/2025;china;69;F;Yes;107,74
C10131;02/05/2025;United Kingdom;unknown; F;No;178,39
C10124;02/01/2026;United States;41;M;no ;135,33
C10167;02/07/2026;China ;58;M;false;16,24
C10119;15/11/2025;Spain;18;F;N;20,21
C10191;08/04/2025;United States;38; F;TRUE;
C10231;23/02/2025;France;unknown;m;Y;66,45
C10122;16/07/2026;United States;32;M;Y;136,21
C10005;21/05/2026;UK;37;F;TRUE;
C10115;25/07/2025;Brasil;25; F;N;87,76
C10267;20/06/2026;Germany;61; F;No;122,24
C10106;25/02/2026;United States;64;Female;No;164,46
C10226;28/07/2026;United States;56;F;false;33,53
C10084;09/09/2025;Spain;67;Female;N;126,12
C10116;01/05/2025;China ;43;M;Y;101,13
C10201;15/04/2026;Spain;43; M; yes;137,53
C10150;30/04/2025;Germany;37;F;false;49,49
C10071;07/02/2026;brasil;65;F;yes;70,57
C10007;06/12/2025;Spain;46;M;No;85,90
C10246;27/10/2025;US;unknown;male;false;
C10085;04/08/2025;Brasil;68;m;No;14,00
C10165;26/05/2026;France;45;M;no;195,99
C10110;16/01/2025;United States;39; M; yes;104,87
C10038;08/07/2025;China;25;Male;false;242,30
C10004;03/04/2025;China;53;F;no ;33,95
C10247;03/02/2025;Germany;45;M;Y;30,73
C10079;05/08/2025;Brasil;50;F;TRUE;
C10239;03/02/2025;Spain;54; F;no ;162,89
C10199;01/04/2026;china;unknown;F;No;102,42
C10264;28/01/2026;Spain;60;F;yes;261,99
C10065;23/05/2025;France;44; F;No;79,43
C10231;23/02/2025;France;unknown;m;Y;66,45
C10051;16/02/2025;United Kingdom;31;F;no;
C10024;16/01/2026;United Kingdom;unknown;M;No;87,92
C10044;04/04/2025;Brazil;18;F;N;133,62
C10129;16/11/2025;Brasil;30;M;no ;
C10025;23/06/2025;france;38;M;N;372,22
C10140;21/05/2026;UK;50;Female;N;263,08
C10274;08/07/2025;Brasil;27;F;false;321,17
C10143;14/07/2026;United States;19;female ;false;70,94
C10281;12/07/2025;china;31;M;no;149,99
C10294;03/03/2026;China;26;F; yes;30,26
C10212;08/11/2025;United Kingdom;150;M;Yes;116,18
C10182;23/06/2025;Brasil;57;F;no ;12,19
C10215;16/04/2026;China;32;M;no ;53,98
C10156;20/08/2026;united kingdom;22;M;false;82,77
C10041;15/01/2025;US;52;m;Yes;116,03
C10176;18/02/2026;united states;34;M;no ;186,33
C10046;29/05/2025;Brasil;68;F;N;132,73
C10208;19/08/2026;China;35;female ;Yes;11,72
C10016;18/06/2025;United States;56;Male;no;42,32
C10273;12/05/2025;France;57;M;TRUE;204,05
C10155;15/12/2025;United States;42;F;N;350,25
C10152;15/12/2025;China ;57;Female;Yes;84,48
C10030;18/05/2026;France;62; F;false;92,20
C10099;18/06/2025;united states;;F;Y;118,30
C10127;26/04/2025;China;60; M; yes;195,20
C10188;25/11/2025;France;25;F;Y;59,46
C10109;24/01/2025;United States;34;F;no ;83,27
C10104;12/01/2025;France;25;F;Yes;126,53
C10190;02/01/2026;China;44;m;no;8,71
C10058;30/10/2025;China;44;F;false;187,19
C10164;30/08/2025;United States;39;M;false;280,71
C10076;01/04/2025;China;unknown;f; yes;
C10279;02/05/2025;China;61;F;TRUE;149,54
C10031;16/05/2026;china;41;M;TRUE;127,62
C10295;26/11/2025;United Kingdom;63;M;no;221,84
C10289;05/11/2025;China;48;male;false;37,76
C10043;14/03/2025;united kingdom;58;M; yes;92,59
C10240;05/09/2025;Brazil;40;F; yes;45,81
C10141;02/06/2026;China;37;F;Yes;44,51
C10123;05/05/2025;France;29;F; yes;86,28
C10283;13/07/2026;Brasil;unknown;F;Yes;70,84
C10245;09/07/2026;United Kingdom;49;F;N;151,09
C10099;18/06/2025;united states;;F;Y;118,30
C10292;05/08/2026;france;0;M;No;25,83
C10095;26/05/2026;United States;18;m;false;87,42
C10280;01/04/2026;China;29;F;Y;100,84
C10158;11/08/2026; United States;30;M;no;58,45
C10133;17/10/2025;USA;51;M;no ;33,62
C10090;13/06/2026;China;23;F;No;12,08
C10154;13/01/2026;Germany;51;M;no ;70,59
C10035;24/02/2025;united kingdom;29;F;yes;154,95
C10073;17/01/2026;United States;;F; yes;159,01
C10284;27/04/2025;United States;21;F;Yes;
C10234;29/09/2025;Brasil;54;F;Yes;
C10230;25/03/2025;China;;F;no;220,10
C10293;02/06/2025;China;23;male;false;99,91
C10112;28/10/2025;Germany;0;Male;No;153,88
C10013;23/04/2025;United States;34;M;yes;72,74
C10088;19/08/2025;Brasil;38;M; yes;123,17
C10163;06/10/2025;United Kingdom;22;F;N;15,85
C10097;01/01/2025;USA;33;F;N;139,23
C10297;10/07/2025;Spain;64;F;false;34,01
C10042;30/06/2026;France;unknown;F;no ;6,28
C10064;29/06/2026;United Kingdom;28;F;no ;141,11
C10162;29/03/2026;United States;230;F;Y;115,90
C10014;01/04/2025;Brasil;68;F;false;135,66
C10178;14/02/2025;Brazil;18;F;Yes;68,95
C10018;01/04/2025;China;65; M;N;71,43
C10232;29/08/2025;china;24;M;no;131,14
C10238;08/08/2026;United States;23; F;yes;281,09
C10256;27/01/2026;United States;47;M;N;66,81
C10052;12/08/2025;UK;29;M;Y;137,61
C10086;08/05/2025;China;51; M;Y;52,28
C10125;29/03/2026;United States;41;M;no ;33,46
C10089;23/07/2025;United States;55;F;N;179,17
C10255;03/05/2025;China;25;Female;false;46,62
C10276;08/04/2026;Brasil;51; F;yes;
C10187;29/04/2026;United States;17;F;no;254,17
C10249;13/05/2026;france;45;M;N;46,09
C10087;16/09/2025;United States;unknown; M;No;110,50
C10181;17/03/2026;china;unknown;F;N;96,96
C10117;08/04/2025;United States;25;Female; yes;108,82
C10146;15/11/2025;United States;44;Male;N;130,61
C10159;15/08/2026;China;39; M;TRUE;102,30
C10228;05/01/2026;Spain;unknown;M;false;0,91
C10210;12/07/2026;España;59;M;no;110,57
C10218;23/06/2026;France;22;M; yes;78,54
C10235;27/01/2025;Spain;21;F;no ;
C10171;19/01/2025;Spain;28;Male;No;419,76
C10126;13/04/2025;Germany;59;M;Yes;235,11
C10008;29/05/2026;United States;31;F;false;77,90
C10251;30/05/2025;United States;46;M;false;228,99
C10072;17/07/2026;China;150;F;yes;85,22
C10263;01/07/2025;Brasil;49;F;No;190,77
C10262;08/07/2025;United States;62;M;No;85,54
C10204;06/09/2025;China;63;female ;TRUE;
C10237;13/11/2025;United Kingdom;46;Male;no ;142,01
C10082;09/03/2026;Brasil;18;F;No;
C10291;26/02/2025;France;58;F; yes;92,89
C10096;04/08/2025;China;22;Female;Yes;93,35
C10134;10/08/2025;United Kingdom;56;M;N;51,90
C10202;10/01/2025;China;21;M;no;99,21
C10219;14/10/2025;France;;M;no;16,69
C10298;30/07/2025;United States;56;F;Y;340,02
C10138;01/07/2026; Germany;; F;no;71,46
C10101;16/08/2026;United Kingdom;40;male;false;263,92
C10223;06/06/2026;China ;66;male;no ;
C10227;15/01/2026;China;65;M;yes;174,45
C10290;16/05/2026; United States;28;M;no;170,33
C10197;10/07/2025;United Kingdom;62;M; yes;58,14
C10285;01/03/2026;Germany;22;M;no ;44,54
C10009;05/03/2025;United States;20;M;N;138,73
C10108;30/12/2025;China;51;F;No;68,65
C10054;01/05/2025;Germany;62;M;yes;110,53
C10028;25/08/2025;brasil;70; M; yes;514,72
C10222;19/12/2025;United Kingdom;70; M;Y;101,08
C10061;08/09/2025;brasil;69;Female;false;29,97
C10093;17/05/2026;China;38;F;false;83,53
C10033;27/01/2026;china;46;M;yes;173,67
C10288;12/04/2026; United States;unknown;M;false;157,47
C10186;04/03/2025;China;57;F;yes;78,56
C10136;15/05/2025;Germany;60;F;no;50,05
C10023;25/12/2025;France;46;M;no;327,21
C10063;30/11/2025;United States;unknown;F;no;49,63
C10300;16/08/2025;usa;53;M;No;90,62
C10296;07/05/2025;Brasil;19;female ;Y;
C10192;02/11/2025;france;16; M;no;
C10019;16/08/2025;united states;30;M;No;73,16
C10270;08/05/2025;United Kingdom;58;F;TRUE;82,55
C10053;28/03/2026;brasil;37;F;no;55,59
C10174;17/08/2025;United States;19;F;no;105,78
C10036;25/04/2026;China ;28; M;yes;131,33
C10194;11/10/2025;España;45;f;TRUE;17,20
C10179;22/09/2025;China;55;M;false;176,69
C10168;24/08/2025;France;35;Male;Y;123,47
C10121;23/01/2026;US;62;M;no ;
C10145;22/04/2025;United States;51;F;N;80,45
C10020;18/06/2025;France;33;F; yes;
C10225;30/04/2025;France;26;male;TRUE;59,22
C10045;03/10/2025;usa;55;F;no;136,94
C10069;30/07/2026;France;64;M;No;54,27
C10077;13/10/2025;united states;29;female ;Yes;145,56
C10209;13/06/2025;United States;26;F;Yes;133,08
C10113;15/05/2026;China ;67;F;false;82,51
C10260;15/08/2025;USA;26;M;false;106,55
C10213;12/06/2025;China;66;F;no;97,85
C10012;12/01/2025; United States;57;M;N;39,83
C10056;20/05/2026;United States;62;M;false;
C10217;20/07/2025;China;55;F;no;238,44
C10189;02/12/2025;Germany;32;M;Yes;68,63
C10272;17/01/2025;United States;19;M;N;125,29
C10010;15/02/2026;China;50;M;no;44,98
C10253;03/10/2025;United States;52;F;no;149,47
C10265;10/04/2025;China;68; F;no;76,61
C10030;18/05/2026;France;62; F;false;92,20
C10040;27/06/2025;china;33;F;false;67,73
C10105;07/04/2026;China;68;M;Yes;116,54
C10057;13/06/2026;China;34;Female;No;52,25
C10271;18/02/2025;Spain;38;male;false;133,66
C10022;18/09/2025;Spain;22;F;No;243,48
C10242;20/04/2026;United States;69;M;Yes;24,75
C10092;22/03/2026;United States;49;M;yes;56,24
C10229;18/02/2025;United States;61;M;No;130,84
C10241;26/05/2026;United States;48;female ;No;151,58
C10183;14/02/2026;China;30; M;No;172,20
C10257;02/10/2025;Brasil;18; F;no ;73,36
C10060;14/08/2026;Brasil;57;male;N;348,21
C10286;10/09/2025;USA;40;M;N;211,19
C10173;27/09/2025;United Kingdom;23;f;no ;154,70
C10233;29/07/2025;China;44;F;Yes;145,60
C10091;30/06/2025;china;64; F;N;230,75
C10037;20/07/2025;spain ;60;M;Y;132,73
C10157;10/06/2025;Brasil;28;F;false;58,80
C10003;20/06/2026;china;57;F;Y;65,34
C10243;22/12/2025;Brasil;55;f;false;69,90
C10049;27/01/2026;España;29;M;N;118,29
C10142;09/07/2025;Brasil;24;F;no ;25,72
C10224;04/04/2025;Brasil;63;F;Y;44,17
C10184;15/05/2025;china;32; F;N;36,02
C10161;19/09/2025;United States;42;M;false;126,97
C10220;23/07/2025;United States;63;M;Y;114,01
C10100;08/03/2026;China;41;M;N;118,85
C10236;06/08/2026;Brazil;30;M;no;97,14
C10118;30/09/2025; Germany;26;F;false;47,04
C10002;30/08/2025;france;61;F;Yes;96,18
C10114;26/04/2026;France;32;M;Yes;82,82
C10287;16/08/2025;France;63;F;no;256,83
C10175;10/11/2025;France;38;F;no;108,88
C10254;15/03/2025;brasil;36;Female;yes;
C10277;24/01/2025;France;unknown;F;N;158,09
C10185;25/04/2026;Brasil;38; F;Yes;184,70
C10166;28/01/2025;China ;61;M;Yes;91,05
C10275;23/05/2026;spain ;45;M;false;251,23
C10193;17/07/2026;UK;49;M;N;
C10001;17/09/2025;Spain;63;f;false;47,41
C10055;03/07/2025;China;25;M;yes;217,86
C10029;19/06/2025;Brasil;18;M;N;
C10207;28/06/2025;Spain;60;female ;false;122,66
C10050;26/05/2026;france;43;F;false;155,34
C10021;11/01/2025;United States;53;F;N;76,29
C10177;14/08/2026;France;47;F;N;105,55
C10034;17/01/2026;US;21;m; yes;268,68
C10172;03/03/2026; United States;36;M;no;202,25
C10008;29/05/2026;United States;31;F;false;77,90
C10092;22/03/2026;United States;49;M;yes;56,24
C10107;13/07/2025;China;68; M;no ;108,74
C10098;14/07/2026;China;34;male;no ;40,72
C10111;24/03/2025;Brasil;47;F;No;114,63
C10070;21/12/2025;China;16;F;N;156,65
C10130;04/03/2025;Germany;66;M;no;84,04
C10259;06/02/2026;China;;F;N;49,18
C10151;02/04/2026;China;29;F;no ;
C10027;13/12/2025;United States;24;M;yes;
C10094;18/04/2025;china;19;F;no;42,42
C10149;28/01/2025;United Kingdom;56;m;Yes;87,91
C10120;21/03/2025;China;44;F;Y;
C10139;14/04/2025;China;69;M;no;230,85
C10170;05/12/2025;united states;42;F;false;184,02
C10203;10/08/2026;China;0;female ;N;94,69
C10148;26/04/2025;China;63;F;No;47,37
C10278;12/06/2026;Brasil;68;M;TRUE;14,86
C10257;02/10/2025;Brasil;18; F;no ;73,36
C10132;25/10/2025;United States;29; M; yes;104,20
C10250;10/01/2025;China;33;M; yes;99,83
C10153;15/04/2025; United States;33;F;yes;18,10
C10107;13/07/2025;China;68; M;no ;432,99
C10074;08/04/2025;united states;16;F;N;614,88
C10214;08/09/2025;China;42;M;no;140,08
C10190;02/01/2026;China;44;m;no;592,25
C10124;02/01/2026;United States;41;M;no ;424,87
C10128;29/11/2025;china;69;F;Yes;393,72
C10177;14/08/2026;France;47;F;N;441,33
C10186;04/03/2025;China;57;F;yes;217,90
